{
  "name": "echarts",
  "version": "2.0.1",
  "homepage": "http://echarts.baidu.com",
  "repository": "git://github.com/ecomfe/echarts",
  "authors": [
    {
      "name": "Kener",
      "email": "linzhifeng@baidu.com"
    },
    {
      "name": "Pissang",
      "email": "shenyi01@baidu.com"
    },
    {
      "name": "Yangji",
      "email": "yangji01@baidu.com"
    }
  ],
  "description": "Enterprise Charts 【Baidu Hi : 1379172 | Email : echarts@baidu.com】",
  "main": [
    "build/echarts-plain-original.js",
    "build/echarts-plain-original-map.js"
  ],
  "keywords": [
    "baidu",
    "echarts",
    "canvas",
    "data visualization"
  ],
  "license": "BSD",
  "private": true,
  "ignore": [
    "**/.*",
    "node_modules",
    "bower_components",
    "test",
    "tests"
  ],
  "_release": "2.0.1",
  "_resolution": {
    "type": "version",
    "tag": "2.0.1",
    "commit": "9f4eb7c6bb5b56194b4fa515e1fdb90cddc8b15d"
  },
  "_source": "git://github.com/ecomfe/echarts.git",
  "_target": "~2.0.1",
  "_originalSource": "ECharts",
  "_direct": true
}